age,genderF0,subject,mode,time,cost,chosen
25,0,1,car,2.4,4.3,1
25,0,1,bus,1,8.9,0
25,0,1,train,0.4,8.3,0
28,0,2,car,5.5,4,1
28,0,2,bus,23,3,0
28,0,2,train,21.5,2,0
41,1,3,car,8.5,5.9,0
41,1,3,bus,7.1,8.6,0
41,1,3,train,8,4.8,1
45,0,4,car,8.3,4.2,0
45,0,4,bus,6.7,11.5,1
45,0,4,train,8,4.8,0
42,0,5,car,4.1,8.9,0
42,0,5,bus,3.7,5.2,1
42,0,5,train,1.6,7.5,0
46,0,6,car,5.6,1.7,0
46,0,6,bus,3.2,2.3,1
46,0,6,train,2.9,7.4,0
43,0,7,car,4.5,5,0
43,0,7,bus,1.6,5.4,1
43,0,7,train,3.2,5.1,0
42,0,8,car,4.6,4,0
42,0,8,bus,3.1,3.1,1
42,0,8,train,3.5,6.8,0
42,0,9,car,4.6,2,0
42,0,9,bus,3.6,2.3,1
42,0,9,train,3.9,6,0
45,0,10,car,4.5,6.8,0
45,0,10,bus,5.7,5.4,1
45,0,10,train,4.1,8.6,0
45,0,11,car,4.5,6.1,0
45,0,11,bus,3.3,2.4,1
45,0,11,train,4.3,5.1,0
40,0,12,car,6.6,14.7,0
40,0,12,bus,5.9,7,1
40,0,12,train,4.9,10.7,0
41,0,13,car,6,5,0
41,0,13,bus,4.5,6,1
41,0,13,train,5.5,7,0
49,0,14,car,6.3,6.1,0
49,0,14,bus,7.8,1.4,1
49,0,14,train,5.5,3.9,0
59,1,15,car,6.7,4.8,0
59,1,15,bus,5.6,4.6,1
59,1,15,train,5.5,5.1,0
53,0,16,car,6.2,3.3,0
53,0,16,bus,3.3,2.4,1
53,0,16,train,5.9,2.8,0
55,1,17,car,6.8,5.9,0
55,1,17,bus,6.7,4.2,1
55,1,17,train,6,6.6,0
45,0,18,car,3.5,6,0
45,0,18,bus,2,6,1
45,0,18,train,7,5,0
42,0,19,car,8.1,10.5,0
42,0,19,bus,6.3,6.5,1
42,0,19,train,7.4,7.3,0
49,0,20,car,9.3,1.7,0
49,0,20,bus,8.1,2,1
49,0,20,train,9,11.4,0
43,0,21,car,3.5,6,0
43,0,21,bus,4.5,5,1
43,0,21,train,4.5,7,0
52,0,22,car,9.9,3.9,0
52,0,22,bus,10,14,1
52,0,22,train,8.4,13,0
48,1,23,car,16,7.3,0
48,1,23,bus,15,14,1
48,1,23,train,15.3,13.6,0
52,1,24,car,19,9,0
52,1,24,bus,19,17,1
52,1,24,train,18.7,16.9,0
40,0,25,car,7.5,8.9,0
40,0,25,bus,8.4,3.3,1
40,0,25,train,6.6,5,0
40,0,26,car,8.5,13.4,0
40,0,26,bus,8,10,1
40,0,26,train,7.2,9.2,0
44,1,27,car,17.3,4.8,0
44,1,27,bus,15,8,1
44,1,27,train,14.9,7,0
19,0,28,car,6.9,5.2,1
19,0,28,bus,6.7,1.8,0
19,0,28,train,5.2,4.4,0
13,1,29,car,7.5,2,1
13,1,29,bus,2,7.5,0
13,1,29,train,5.5,7,0
29,0,30,car,8,2.6,1
29,0,30,bus,6.1,0.1,0
29,0,30,train,5.8,1.2,0
30,0,31,car,7,4.8,1
30,0,31,bus,7.6,7.8,0
30,0,31,train,6.7,7.1,0
36,0,32,car,10,7,1
36,0,32,bus,7,11.6,0
36,0,32,train,8.9,16.5,0
25,0,33,car,3,7.3,1
25,0,33,bus,7.3,3,0
25,0,33,train,9,8.2,0
36,0,34,car,5,10,1
36,0,34,bus,10,7.1,0
36,0,34,train,11.5,9.2,0
38,0,35,car,23.7,1.4,1
38,0,35,bus,20.8,0.8,0
38,0,35,train,23.3,3,0
28,0,36,car,3.5,1.3,1
28,0,36,bus,1.4,18.1,0
28,0,36,train,1.4,6.3,0
23,0,37,car,4,3,1
23,0,37,bus,5,5,0
23,0,37,train,5.5,6,0
30,0,38,car,7.9,0.4,1
30,0,38,bus,7.2,19,0
30,0,38,train,6.5,7.9,0
21,0,39,car,9,5,1
21,0,39,bus,8,9,0
21,0,39,train,9,8,0
32,0,40,car,8.2,10.3,1
32,0,40,bus,13,8.2,0
32,0,40,train,9.5,16.4,0
14,0,41,car,8.8,2.9,1
14,0,41,bus,9,8.8,0
14,0,41,train,9.7,2.3,0
14,0,42,car,9.3,3.5,1
14,0,42,bus,4,9.3,0
14,0,42,train,10.2,4.8,0
24,0,43,car,10.5,4,1
24,0,43,bus,6,10.5,0
24,0,43,train,10.5,4,0
27,0,44,car,8.9,8.7,1
27,0,44,bus,15,8.9,0
27,0,44,train,11.3,18,0
34,0,45,car,10.6,5.6,1
34,0,45,bus,35,10.6,0
34,0,45,train,11.4,7.3,0
36,0,46,car,11.5,1,1
36,0,46,bus,12,11.5,0
36,0,46,train,11.5,7,0
33,0,47,car,11,5,1
33,0,47,bus,14,11,0
33,0,47,train,12,7,0
36,0,48,car,10.5,3.4,1
36,0,48,bus,11,10.5,0
36,0,48,train,12.2,12.3,0
14,0,49,car,7,3.7,0
14,0,49,bus,6.5,1.8,1
14,0,49,train,5.9,0.9,0
35,0,50,car,8.4,6.1,0
35,0,50,bus,8.1,7.4,1
35,0,50,train,7.8,6.2,0
34,0,51,car,10.3,3.1,0
34,0,51,bus,7.4,2.6,0
34,0,51,train,8.5,0.1,1
19,0,52,car,10.9,3.5,0
19,0,52,bus,10.4,3.1,0
19,0,52,train,9.5,3.1,1
33,0,53,car,10.6,0.7,0
33,0,53,bus,10.5,3.7,0
33,0,53,train,11.4,12.5,1
27,0,54,car,10.8,1.3,0
27,0,54,bus,9.4,4,0
27,0,54,train,12.4,13.5,1
37,0,55,car,14.6,7.2,0
37,0,55,bus,77,14.6,0
37,0,55,train,15.8,14.3,1
37,0,56,car,15.9,5.4,0
37,0,56,bus,98,15.9,0
37,0,56,train,16.7,14.6,1
33,0,57,car,21.8,0.8,0
33,0,57,bus,20.5,2.3,0
33,0,57,train,22.1,0.6,1
27,1,58,car,4.7,0.8,0
27,1,58,bus,2.6,1,1
27,1,58,train,3.5,6.9,0
59,0,59,car,5.8,5.5,0
59,0,59,bus,3.4,2.3,1
59,0,59,train,4,3.2,0
61,1,60,car,5.5,5.4,0
61,1,60,bus,2.8,5.5,1
61,1,60,train,4.6,4.7,0
28,1,61,car,5,1.3,0
28,1,61,bus,2.3,1,1
28,1,61,train,4.8,6.5,0
41,1,62,car,3.5,7,0
41,1,62,bus,2,5,0
41,1,62,train,5,2,1
53,0,63,car,6.1,4.1,0
53,0,63,bus,3.2,2.3,1
53,0,63,train,5,3.3,0
39,1,64,car,6,7.1,0
39,1,64,bus,5.7,4.3,1
39,1,64,train,5.7,5.2,0
38,1,65,car,6.4,6.7,0
38,1,65,bus,3.9,3.1,1
38,1,65,train,6,7.2,0
48,0,66,car,8,5.4,0
48,0,66,bus,6.3,5,1
48,0,66,train,6,6.7,0
62,1,67,car,8,3.3,1
62,1,67,bus,5,6,0
62,1,67,train,7.8,3.5,0
62,1,68,car,10.2,2.6,1
62,1,68,bus,9.2,3.6,0
62,1,68,train,7.8,5.4,0
39,1,69,car,8.8,7.2,0
39,1,69,bus,7.4,6.4,0
39,1,69,train,8.4,5.5,1
40,1,70,car,15.3,10.3,0
40,1,70,bus,13,8.9,0
40,1,70,train,15,6.9,1
30,1,71,car,18,5,0
30,1,71,bus,5.5,4,1
30,1,71,train,20,4,0
37,1,72,car,21.9,1.4,0
37,1,72,bus,21.1,0.5,1
37,1,72,train,20.1,2.4,0
30,1,73,car,22,5,0
30,1,73,bus,4.5,4,1
30,1,73,train,22.5,4,0
32,1,74,car,23.1,4.1,0
32,1,74,bus,22.5,1.8,1
32,1,74,train,22.6,3.4,0
22,0,75,car,1.5,7,0
22,0,75,bus,4,5,1
22,0,75,train,2,9,0
47,1,76,car,1.5,5,1
47,1,76,bus,4.5,4,0
47,1,76,train,4,4,0
46,1,77,car,16.7,4.8,1
46,1,77,bus,15,8.2,0
46,1,77,train,14.9,10.2,0
49,1,78,car,18.4,1.3,1
49,1,78,bus,16.1,8.3,0
49,1,78,train,16.8,13.6,0
44,1,79,car,3.7,5.4,0
44,1,79,bus,3.6,8.9,0
44,1,79,train,2,2.5,1
37,1,80,car,5,6,0
37,1,80,bus,7,5,0
37,1,80,train,2.5,5,1
45,1,81,car,4,2.7,0
45,1,81,bus,4,6.6,0
45,1,81,train,2.9,1.1,1
27,1,82,car,7,3,0
27,1,82,bus,9,6,0
27,1,82,train,3,1,1
42,1,83,car,3.6,3.1,0
42,1,83,bus,2.5,8.7,0
42,1,83,train,3.3,0.4,1
35,1,84,car,12.5,5,0
35,1,84,bus,15.5,4,0
35,1,84,train,3.5,4,1
45,1,85,car,4.8,4.1,0
45,1,85,bus,3,2.3,0
45,1,85,train,4,0.7,1
44,1,86,car,4,2,0
44,1,86,bus,3,6,0
44,1,86,train,4.5,1,1
32,1,87,car,10,5,0
32,1,87,bus,10.5,3,0
32,1,87,train,4.5,2,1
43,1,88,car,5.9,4.5,0
43,1,88,bus,3.2,3.4,0
43,1,88,train,4.9,0.9,1
58,1,89,car,7.5,5,0
58,1,89,bus,10,2,0
58,1,89,train,5.5,3,1
33,1,90,car,7.3,1.2,0
33,1,90,bus,7.3,5.7,0
33,1,90,train,5.9,1.6,1
36,1,91,car,8.4,7.8,0
36,1,91,bus,5.6,7.6,0
36,1,91,train,6.4,6.4,1
23,1,92,car,8.2,8.2,0
23,1,92,bus,6.3,5.4,0
23,1,92,train,8.1,1.1,1
39,1,93,car,10.8,8.6,0
39,1,93,bus,10.4,6.7,0
39,1,93,train,9.2,7.2,1
26,1,94,car,11.3,10.8,0
26,1,94,bus,10.8,2.7,0
26,1,94,train,9.9,1.6,1
47,1,95,car,11.9,5.5,0
47,1,95,bus,10.6,10.4,0
47,1,95,train,10,2.8,1
51,1,96,car,12.6,6.5,0
51,1,96,bus,11.9,12.2,0
51,1,96,train,10.4,3.2,1
58,1,97,car,10.9,7.2,0
58,1,97,bus,10,13.6,0
58,1,97,train,10.9,2.1,1
38,1,98,car,13.8,8.5,0
38,1,98,bus,13.6,7.1,0
38,1,98,train,11.4,8.8,1
28,1,99,car,12.1,7.8,0
28,1,99,bus,10.9,4.4,0
28,1,99,train,11.8,2.7,1
44,1,100,car,13.9,9.5,0
44,1,100,bus,13.1,9.7,0
44,1,100,train,12.9,7.3,1
35,1,101,car,15.9,9.6,0
35,1,101,bus,13.5,9.8,0
35,1,101,train,13.3,5.2,1
31,1,102,car,15.4,7,0
31,1,102,bus,15.1,2.7,0
31,1,102,train,13.6,3.1,1
42,1,103,car,15.7,11.2,0
42,1,103,bus,15.6,7.3,0
42,1,103,train,15.1,6,1
37,1,104,car,17.4,7.3,0
37,1,104,bus,16.8,8.5,0
37,1,104,train,16.1,4,1
37,1,105,car,18.9,10.1,0
37,1,105,bus,18.5,10.8,0
37,1,105,train,16.4,7.1,1
40,1,106,car,18.3,4.5,0
40,1,106,bus,17.3,2.6,0
40,1,106,train,16.8,2.8,1
34,1,107,car,18,8,0
34,1,107,bus,18,4.5,0
34,1,107,train,17.8,4.5,1
